text,intent_true,tone_true,resolution_true,intent_pred,tone_pred,resolution_pred,score
bonus place my appgallery problems and assists we hope you re doing well in order to give you the best solution could you please clarify your request with following information description of the issue screenshot or record video of error when issue happened your huawei id app gallery hms core open then take screenshot your phone model sn number of your device app gallery version huawei app gallery me about hms core version huawei app gallery hms core open settings about related app related app version the log of app gallery if you have any further questions please feel free to reply to this email thread and we will be happy to walk you through your doubts sincerely alexandra se uma empresa constitu da segundo as leis da irlanda com sede em dublin irlanda bonus place my support pt appgallery,Others,none,none,Others,none,none,1.0
need an invoice sir or madam so you cannot meet my request for an invoice from the previous month of course payable entry without accounting is completely unacceptable the same applies to the stopping period here in the eu there are significantly longer retention periods for evidence of the provision of services what measures did you take in the event that the is exceeded company se is the performance based point of the company mobile cloud product the representation of which you represent here you are welcome to remain anonymous if you prefer to run the case in english have no problems with it however have to insist on an invoice and if it is written in excel best regards best regards infotech gmbh informatik service provider per www infotech spommernstra holzminden fon fax hrb district court hildesheim vat id de eori de management per per disclaimer this email and any attachments are only intended for the addressed person and could contain confidential and or legally protected information if you are not the right addressee and or have received this email erroneously please inform the sender immediately and destroy this email in this case you are also not allowed to read copy this email in part to be copied forward to unauthorized persons or to use it for yourself if you do not contradict we assume that you agree that we correspond to you via the internet via email without prejudice to this the written version we signed alone is binding we would like to point out that such news can be lost changed or falsified with and without the intervention of third parties the confidentiality also not be preserved we are therefore not liable for the integrity of mails after you have left our area of rule and cannot compensate you with this infotech reserves the right to pursue email communication through your networks if despite the virus protection programs we use virus can be reached to your systems by sending emails we are not liable for any damage that result invoice need mr per for choosing company will write to you for the bills of you you can find these bills quickly if you go to settings accenter payments and purchases purchase history tap on the corresponding order and then request it on account fill out all the necessary fields confirm the information entered and click on in the upper right corner to send your request you can request an invoice only hours after payment company will issue digital invoice within hours for your understanding and wish you nice day do not avoid addressing us in the future if we can help you further with friendly greeting per customer service the company se is society under irish law based in loc loc company se is the provider of company mobile services for company and honor device owners in loc loc loc loc and other countries company support issue submit product cloud requests view change or cancel subscription contact full name per phone numbe contact email address company id account sum of the issue need for this subscription german businessrequirements there is no app namecompany cloud payment method company subscribed to subscription number ed home news events products partners support copyright company se,Suggestion,Invoice,Invoice related request,Suggestion,Invoice,Invoice related request,1.0
unknown payment just wanted to make sure it wasn a scam don remember signing up for this but if it for more storage then it very possible did kind regards lord wrote we hope you re doing well this email is regarding your concern about the unknown charges ll be more than happy to assist you with your inquiry and will do my absolute best to help the charges you received are likely to be related to company service or subscription you have signed up for judging by the price this is likely company cloud subscription if you would like to cancel your subscription please follow the guideline below from your company phone settings account center payment and purchases subscriptions and tap the service you wish to cancel the subscription for from your computer access the official website login to https id cloud company com cas portal login html and go to payment and purchases subscriptions password free payments and touch remove please be aware that if you access the online portal with your phone you should first activate the desktop version of the browser if the subscription disappears from your account it indicates that it has been canceled successfully once canceled no deduction will be made from your account from the following month onward if you need further assistance please provide us the following information to investigate your account and provide more information around the subscription your company id phone number include country code email address your request g cancel company cloud subscription cancel company music subscription cancel company video subscription proof of transactions if the payment was made with your bank card copy of your bank statement showing the charges from se and the last digits of your bank card if the payment was made with your paypal screenshot of payment with transaction invoice number available if the payment was made with your phone the phone number get charged screenshot of phone bill showing the charges from se if you have any further questions please feel free to reply to this email thread and we will be happy to walk you through your doubts we would greatly appreciate your feedback regarding our email exchange as we need your input to keep improving our service therefore we invite you to fill in the survey that will soon arrive on the email address you used to contact us sincerely ramon se is the provider of company mobile services to company and honor device owners in,Suggestion,Payment,Subscription cancellation,Suggestion,Payment,Subscription cancellation,1.0
rimborso for we for introducing this problem to us for further questions do not hesitate to answer this mail and we will be happy to help her resolve her doubts in addition we would greatly appreciate his feedback regarding our mail exchange as we need his contribution to continue improving our service therefore we invite you to fill in the survey that will soon receive to the mail address from which he has contact us best regards for your team ad company for if it is company established according to irish laws based on loc loc for if it is the supplier of company mobile services for the owners of company devices and honor in loc loc loc and other countries gentile refund for for the work done await confident greetings for fava on wrote kind for thanks for your patience we confirm that some suspicious activities have been detected we inform you that we have reimbursed he will receive the money on his current account within working days please contact the issuing bank for further assistance we are sorry you had to face this unpleasant situation for further questions do not hesitate to answer this mail and we will be happy to help her resolve her doubts in addition we would greatly appreciate his feedback regarding our mail exchange as we need his contribution to continue improving our service therefore we invite you to fill in the survey that will soon receive to the mail address from which he has contact us best regards for your team ad company for if it is company established according to irish laws based on loc loc for if it is the supplier of company mobile services for the owners of company devices and honor in loc loc loc and other countries,Problem/Fault,Payment issue,Risk Control,Problem/Fault,Payment,Subscription cancellation,0.33
od: full refund from first day already sent to them mail twice with reminder two weeks ago but they never replied they fixed bug after was impacted and they want to shut it down to be silence as we see kindly asking to make refund because of this situation for your support to making it possible kind regards client od full refund from first day we appreciate you patience our internal team reached us back and they informed us that they suggest you to contact developer first with the proof that the products are not as advertised and if developer agrees to refund you can provide that proof to us you should be able to contact the customer support of the game on https aihelp net privacypolicy or customer service if you have further game issue you also can directly contact our dedicated game operation staff through discord channel here is the discord link poland https discord gg tkyzc cagu that serves your country we would greatly appreciate your feedback regarding our email exchange as we need your input to keep improving our service therefore we invite you to fill in the survey that will soon arrive on the email address you used to contact us if you have any further questions please feel free to reply to this email thread and we will be happy to walk you through your doubts sincerely ramon od full refund from first day thanks you for feedback perfectly understand this but what in case when the products is not as advertised and not functioning there is perfect example of it all because last big issue on devs side for positive feedback in this situation kind regards wys ano telefonu wiadomo od data wt sie do temat full refund from first day we have carefully review your request and unfortunately we have concluded that you are not quality for refund this time accordingly to the walking dead user agreement the refund of the payments can be provided once the items are successfully delivered to the gamer account please be aware that he purchase date back to therefore you have used the items purchased and there is no way of recollecting them for understanding sincerely ramon full refund from first day hope youre well accordingly to twd survivors where bought products is not as advertised and not functioning im asking for full refund since first day there is no fair and bugged competition which affects the gampley example last rzt vs match regarding to all isues kindly requesting for full refund in the first line below transactions ad db pln pw bf pln ad pln ad dc ed pln ad pln ad bc pln ad dc pln ad dcdac pln ad edc pln pw fcb pln ad pln ad dbd pln pw pln pw pln pw a pln c pln bda pln pw pln pw b pln ad ff pln ad bd cff pln be pln ad pln ad cb pln ad pln ad b pln thanks all of you for great cooperation wys ano telefonu huawei,Problem/Fault,Third Party APPs,Refund,Problem/Fault,Payment,Subscription cancellation,0.33
company support issue submit you have stated that insert the issue of the tickets to proceed with the investigation would you please provide us with the following information your company id phone number include country code email address your request g cancel company cloud subscription cancel company music subscription cancel company video subscription proof of transactions if the payment was made with your bank card copy of your bank statement showing the charges from se and the last digits of your bank card if the payment was made with your paypal screenshot of payment with transaction invoice number available if the payment was made with your phone the phone number get charged screenshot of phone bill showing the charges from se if we do not hear from you within hours we will close this ticket once the ticket is closed we will need to file new ticket to receive further assistance which cause delays in resolving the issue for your understanding if you have any further questions please feel free to reply to this email thread and we will be happy to walk you through your doubts sincerely alexandru se is the provider of company mobile services to company and honor device owners in we hope you re doing well understand your problem and understand the situation you are in but in order to verify your subscription need the following information your company id phone number include country code email address your request g cancel company cloud subscription cancel company music subscription cancel company video subscription proof of transactions if the payment was made with your bank card copy of your bank statement showing the charges from se and the last digits of your bank card if the payment was made with your paypal screenshot of payment with transaction invoice number available if the payment was made with your phone the phone number get charged screenshot of phone bill showing the charges from se as soon as you send me the necessary information will start the process of escalating your case to our internal team for review if you have any further questions please feel free to reply to this email thread and we will be happy to walk you through your doubts sincerely silvia se is the provider of company mobile services to company and honor device owners in dont have subsciptions we hope you re doing well this email is regarding your concern about canceling your unknown subscription the charges are likely to be related to company subscription you have if you are being charged for subscription it means you have subscribed to it in the past or you have signed up for free trial that you forgot to deactivate in our system you appear as the owner of an active company id hwid e ar connected to your email address you are most likely being charged for an active subscription you have on that company id unfortunately we do not have the necessary permission to cancel subscriptions on behalf of our users due to privacy concerns will provide you with the cancellation steps but if you run into any issues while following them you will also find below what information we require from you to be able to investigate please follow the next guideline to solve your issue from your company phone settings account center payment and purchases subscriptions and tap the service you wish to cancel the subscription for from your computer access the official website login to https id cloud company com cas portal login html and go to payment and purchases subscriptions password free payments and touch remove please note that if you access the website from your phone you must enable desktop version for the payment and purchases tab to show up if the subscription disappears from your account it indicates that it has been canceled successfully once canceled no deduction will be made from your account from the following month onward if you need further assistance please provide us the following information to investigate your account and provide more information around the subscription your company id phone number include country code email address your request g cancel company cloud subscription cancel company music subscription cancel company video subscription proof of transactions if the payment was made with your bank card copy of your bank statement showing the charges from se and the last digits of your bank card if the payment was made with your paypal screenshot of payment with transaction invoice number available if the payment was made with your phone the phone number get charged screenshot of phone bill showing the charges from se we would greatly appreciate your feedback regarding our email exchange as we need your input to keep improving our service therefore we invite you to fill in the survey that will soon arrive on the email address you used to contact us if you have any further questions please feel free to reply to this email thread and we will be happy to walk you through your doubts sincerely silvia se is the provider of company mobile services to company and honor device owners in product cloud requests refund request contact full name ervin residbegovic contact email address company id account sum of the issue please stop charging some company service with my card am debited every month but cant see on what account its attached my card is visa numbe thank home news events products partners support copyright se,Suggestion,Payment,Subscription cancellation,Suggestion,Payment,Subscription cancellation,1.0
company despite receiving the keys they misery them with the previous keys it was alone just didn record the next what wanted to pick up was the same will add that did according to the regulations every hours did commands anyway it was impossible in shorter time because it did not include only clicks every hours and between each attempt to pick up the difference not only have such problem and contact with company did not help how to collect on tablet or headphones as the action lasts until and we have just over points will add that any change of application was made so it was impossible to collect more points do you intend to exchange applications more often or how will it be solved,Others,none,none,Suggestion,Payment,Subscription cancellation,0.0
appgallery problems and suggestions description contact information,Suggestion,General,Personal data,Others,AppGallery-Use,Others,0.0
sure the country of my app gallery and my country is portugal can enter on discord sorry don understand it qui de set de escreveu this email is regarding your concern about voucher we recommend that you contact us through the discord channel https discord gg tkyzc cagu directly from your computer if you are having difficulty using discord or if you prefer us to handle the case please provide us with the following information for further investigation your country of service appgallery me settings country your discord contact information if applicable if you have any further questions please reply to this mail and we will be happy to help you with your doubts sincerely andrea have to an account there also don speak german escreveu no dia quinta sehr geehrter kunde wir empfehlen ihnen uns ber den discord kanal https discord gg tkyzc cagu direkt von ihrem computer aus zu kontaktieren haben discord zu benutzen oder wenn sie es vorziehen dass wir den fall bearbeiten geben sie uns bitte folgende informationen r weitere untersuchungen ihr dienstland appgallery ich einstellungen land ihre discord kontaktinformationen falls zutreffend wenn sie weitere fragen haben antworten sie bitte auf diesen mail und wir helfen ihnen gerne bei ihren zweifeln weiter andrea,Suggestion,VIP / Offers / Promotions,Offers / Vouchers / Promotions,Problem/Fault,none,Subscription cancellation,0.0
company support issue submit product cloud requests upgrade cloud storage contact full name pavol hete phone numbe contact email address company id account sum of the issue dobr de plat za nie o nevyu vam zru et poplatok za akujem home news events products partners support copyright company se,Suggestion,Payment,Subscription cancellation,Problem/Fault,Payment issue,Cooperated campaign issue,0.0
company support issue submit for reaching us this email is in regards to your problem regarding making an in app purchase please follow these steps go to phone settings account centre payment and purchases purchase history and check if this payment is listed in the purchase history or not then please send us the following information so that we can proceed with an investigation whether the payment is listed or not in the purchase history send us your company id your company id can be found by going to phone settings account centre your company id will be at the top of the screen right below your profile picture the date you tried to make the purchase the error message that pops up screenshot or screen recording of the payment issue if possible details of the items you attempted to purchase your device model to check this go to phone settings about phone model your company id version to check this go to phone settings account centre settings about order number to learn more about company in app purchases please refer to this link https company com en supporthome companyappgallery appgallery html for further questions please feel free to reply to this email thread and we will be happy to walk you through your doubts sincerely madalin company company company se is the provider of company mobile services to company and honor device owners in company support issue submit product appgallery games requests refund request app item purchased not working as expected contact full name ferracin contact email address sum of the issue sto provando ad effettuare un acquisto su un app playrix con poste pay che non risulta essere ne bloccata ne scaduta ho fatto altri acquisti su questa app ma stavolta proprio non mi fa fare niente home news events products partners support copyright company se,Suggestion,Invoice,Invoice related request,Problem/Fault,Payment issue,Subscription cancellation,0.0
company id abonnement for making contact with this email is about your request to delete your company id and cancel your subscription don worry understand your concern very well and will do my best to offer you the best possible solution unfortunately due to the data protection regulations we are not allowed to delete accounts and subscriptions on behalf of our customers however you can unsubscribe at any time by taking the following steps via your company cell phone settings accenter payment and purchases subscriptions and tap the service whose subscription you want to cancel from your computer access the official website register at https id cloud company com cas portal portal portal portal and go to account security payment and purchases subscription password payments and tap remove please note that if you call up the website from your cell phone you have to activate the desktop version so that the tab is displayed payments and purchases if the subscription disappears from its account it means that it has been successfully terminated after the termination nothing will be debited from your account from the next month if you need further help please provide us with the following information so that we can check your account and provide further information about the subscription your company id telephone number with the regional area code email address your request g company cloud subscribe company music subscription company video subscription bank card has been made copy of your account statement with the debit from per se and the last digits of your bank card if the payment has been made with your paypal screenshot of the payment with the number of the transaction calculation is before if the payment has been made with your phone the telephone number that has been loaded screenshot of the telephone bill that shows the fees of per se if you no longer need your company id you can delete it after you have deleted your company id your personal data will be adjusted on the server and cannot be restored your personal data in the server backup and protocol files will be automatically adjusted within six months to delete an account go to settings register with company id data protection center delete account if the account has sub account please use the sub account first to register and delete the sub account then delete the main account if delete account is not displayed go to the google play store to update company mobile services the official company app for company id users can also delete the account from the web portal first log in under the url specified below and click settings in the upper right corner scroll down on the page until delete account is displayed click to enter the password and delete the account https hwid vmall com cas portal loginauth html validated true themename red service https fhwid vmall com fportal fusercenter reqclienttype long en us countrycode de we would be very happy to receive your feedback on our email exchange as we need your input to further improve our service we therefore invite you to fill out the survey that you will soon receive via the email address you used to contact us if you have any further questions please feel free to respond to this email thread and we will be happy to help you sincerely andrea per per se company incorporated under the laws of loc with its headquarters in loc loc per se is the provider of company mobile services to company and honor device owners in europe canada loc new zealand and other countries company id subscription good evening have problem have company id account would like to terminate this account and the subscription today euros have been collected from my bank account unfortunately don find this subscription in my company id account be you can help me to cancel the direct debit so that can delete my company account ask for communication sincerely per,Suggestion,Payment,Subscription cancellation,Suggestion,Payment,Subscription cancellation,1.0
informations we hope you re doing well in order to give you the best solution could you please clarify your request with following information description of the issue screenshot or record video of error when issue happened your huawei id app gallery hms core open then take screenshot your phone model sn number of your device app gallery version huawei app gallery me about hms core version huawei app gallery hms core open settings about related app related app version the log of app gallery if you have any further questions please feel free to reply to this email thread and we will be happy to walk you through your doubts with kind regards ian appgallery problems and suggestions description haiii buba contact information beyekeita sent from my phone,Others,none,none,Others,none,none,1.0
subscription termination bonjour auriez vous la possibilit de silier abonnement cause je ai plus le portable merci cordialement envoy de mon iphonei have been looking for phone to call me for while and have been trying to find way to get it sent from my iphone,Suggestion,Other,none,Suggestion,Payment,Subscription cancellation,0.33
gamecentre problems and suggestions description no moontoon contact information,Problem/Fault,AppGallery-Install/Upgrade,Can't download Apps,Problem/Fault,AppGallery-Install/Upgrade,Can't install Apps,0.67
appgallery problems and suggestions would like to follow up on the case that raised on you have stated that appgallery is damaged to proceed to research could you provide us with the following information model go to settings about telephone model problem details description of the consultation problem claim when the problem occurred date and time probability of the problem how many times did the problem occur huawei id email address or telephone number used to record the huawei id huawei id registration registration of the huawei id go to settings huawei id settings country user location country region its location screenshot video of the problem compilation numbe go to settings about the phone compilation number huawei mobile services go to settings applications applications sn telephone serial number go to settings about telephone status serial number if we don have its news in hours we will close this ticket once the ticket is closed we will have to present new ticket to receive more assistance which can cause delays in problem solving thanks for your understanding if you have any other questions do not hesitate to answer this email thread and we will be happy to help you solve your doubts sincerely per aspiegel is the company constituted second as leis da loc com headquarters em loc loc aspiegel is or huawei mobile services for huawei and honor proprienta of na loc loc loc loc outos countries appgallery problems and suggestions description the application is damaged greetings contact information,Problem/Fault,AppGallery-Use,UI Abnormal in Huawei AppGallery,Problem/Fault,none,none,0.33
thought i was doing a quiz then realised it was going to take monthly money which i've just cancelled thankyou mrs susan pugh 16 hillrise avenue ryde isle of wight po333tt don know what this payment is for so can you cancel it for me thanks sue hillrise avenue ryde isle of wight po tt get outlook for android,Suggestion,Payment,Subscription cancellation,Suggestion,Payment,Subscription cancellation,1.0
gt3 m sorry don have discord and won use it either come from loc use the mate pro the huawei id have no app that is to be mentioned the action ran on th in hall appgalerie from at gamescom see photos my question again where do get the written expression by email confirmation that the watch gt is my property in this regard there was nothing to the hand at gamescom mfg per ikosenstr meckenheim loc wrote on st mr per we recommend that you contact us directly from your computer via the discord canal if you have difficulties in using discord or prefer that we will process the case please give us the following information for further examinations your huawei id your service country appgallery settings land the name of the game app the name of the campaign in which you have participated in which you should receive how many huawei points vouchers you should receive discord contact information if correct if you have any further questions please answer this email thread and we will be happy to help you with your doubts sincerely per customer service the aspiegel se is society under irish law based in loc loc aspliegel se is the provider of huawei mobile services for huawei and honor device owners in loc loc loc loc and other countries,Others,none,none,Others,none,none,1.0
programme vip good evening do not know if it is the translation at the level of the indication for the menus but am not sure made the right screenshots so did more than expected if ever got the wrong the game am wrote aspiegel in order to give you the best solution please provide us with the following screenshots account center settings huawei id pament and purchasing garrows more coupons appgallery me rewards coupon available appgallery me rewards coupon use appgallery me rewards expired we patience and understanding if you have any other questions do not hesitate to answer this email and we will be happy to help you resolve your doubts sincerely per aspiegel is an irish law company whose headquarters are at loc in loc aspiegel is the huawei mobile service provider to owners of huawei and honor devices in loc at loc loc loc and in other countries,Problem/Fault,Coupon/Gifts/Points Issues,Can't use or acquire,Problem/Fault,Coupon/Gifts/Points Issues,Can't use or acquire,1.0
cancel subscription would be more than happy to assist you with your inquiry based on our understanding your issue related to canceling subscription from your computer access the official website login to https id cloud company com cas portal login html and go to payment and purchases subscriptions password free payments and touch remove please note that if you access the website from your phone you must enable desktop version for the payment and purchases tab to show up if the subscription disappears from your account it indicates that it has been canceled successfully once canceled no deduction will be made from your account from the following month onward if you need further assistance please provide us the following information to investigate your account and provide more information around the subscription your company id phone number include country code email address your request g cancel company cloud subscription cancel company music subscription cancel company video subscription proof of transactions if the payment was made with your bank card copy of your bank statement showing the charges from se and the last digits of your bank card if the payment was made with your paypal screenshot of payment with transaction invoice number available if the payment was made with your phone the phone number get charged screenshot of phone bill showing the charges from se if you have any further questions please feel free to reply to this email thread and we will be happy to walk you through your doubts for your understanding sincerely alexandra se is the provider of company mobile services to company and honor device owners in,Suggestion,Payment,Subscription cancellation,Suggestion,Payment,Subscription cancellation,1.0
into ho pagato ma applicazione non ha funzionato posso essere rimborsata grazie ho paid but the application did not work can be refunded,Problem/Fault,Third Party APPs,Refund,Suggestion,Payment,Subscription cancellation,0.0
need an invoice geben sie mir bitte mal eine richtige url an keiner der uns bekannten zug nge id kundencenter cloud weist eine derartige men struktur auf abonennements leer und nirgends sind zahlungen oder rechnungen sichtbar kundencenter wo wir die ger te bestellen unter der company id auch nichts mehr viele gr best regards infotech gmbh informatik service provider www infotech isp net pommernstra holzminden fon fax hrb amtsgericht hildesheim ust id de eori de gesch ftsf hrung disclaimer diese mail und eventuelle anh nge ist ausschlie lich r die adressierte person bestimmt und nnte vertrauliche und oder rechtlich gesch tzte information enthalten wenn sie nicht der richtige adressat sind und oder diese mail irrt mlich erhalten haben informieren sie bitte sofort den absender und vernichten diese mail es ist ihnen in diesem fall auch nicht gestattet diese mail teilweise oder ganz zu lesen zu kopieren an unbefugte weiterzuleiten oder anderweitig r sich selbst zu verwenden widersprechen sie nicht gehen wir davon aus dass sie einverstanden sind dass wir mit ihnen ber das internet per mail korrespondieren unbeschadet dessen ist allein die von uns unterzeichnete schriftliche fassung verbindlich wir weisen darauf hin dass derartige nachrichten mit und ohne zutun von dritten verloren gehen ver ndert oder verf lscht werden nnen auch ist die vertraulichkeit unter umst nden nicht gewahrt wir haften deshalb nicht r die unversehrtheit von mails nachdem sie unseren herrschaftsbereich verlassen haben und nnen ihnen hieraus entstehende sch den nicht ersetzen infotech beh lt sich das recht vor mail kommunikation durch ihre netze zu verfolgen sollte trotz der von uns verwendeten virus schutz programme durch die zusendung von mails ein virus in ihre systeme gelangen haften wir nicht r eventuell hieraus entstehende sch den rechnung brauchen sehr geehrter herrn ich bedanke mich ihnen r ihre geduld in dieses lange prozess und ich entschuldige mich ihnen r den wartenzeit unser internes team sagte mir dass sie ihre rechnung sehen und herunterladen nnen wenn sie dem pfad folgen aber wie auch immer die verf gbarkeit der rechnung sollte jahr sein gehen zu einstellungen kontocenter zahlungen und eink ufe kaufhistorie tippen sie auf die entsprechende bestellung und dann auf rechnung anfordern llen sie alle erforderlichen felder aus best tigen sie die eingegebenen informationen und klicken sie auf in der oberen rechten ecke um ihre anfrage zu senden rgen sie nicht uns anzusprechen falls wir ihnen weiter darin behilflich sein nnen mit freundlichem gru company kundenservice die company se ist eine gesellschaft nach irischem recht mit sitz in company se ist der anbieter von company mobile services r company und honor ger tebesitzer in und anderen ndern rechnung brauchen sehr geehrte damen und herren sie nnen also meiner bitte nach einer rechnung aus dem vormonat nicht nachkommen ein zahlungsf higer einzug ohne rechnungslegung ist nat rlich llig inakzeptabel das gleiche gilt r die haltefrist hier gelten in der eu deutlich ngere aufbewahrungsfristen r belege der leistungserbringung welche ma nahmen haben sie getroffen r den fall dass die berschritten werden company se ist die leistungsfakturiende stelle des produktes company mobile cloud deren vertretung sie hier darstellen sie rfen gern anonym bleiben wenn sie den case lieber auf englisch hren chten habe ich keine probleme damit auf einer rechnung muss ich aber bestehen und wenn es in excel geschrieben wird viele gr best regards infotech gmbh informatik service provider www infotech isp net pommernstra holzminden fon fax hrb amtsgericht hildesheim ust id de eori de gesch ftsf hrung disclaimer diese mail und eventuelle anh nge ist ausschlie lich r die adressierte person bestimmt und nnte vertrauliche und oder rechtlich gesch tzte information enthalten wenn sie nicht der richtige adressat sind und oder diese mail irrt mlich erhalten haben informieren sie bitte sofort den absender und vernichten diese mail es ist ihnen in diesem fall auch nicht gestattet diese mail teilweise oder ganz zu lesen zu kopieren an unbefugte weiterzuleiten oder anderweitig r sich selbst zu verwenden widersprechen sie nicht gehen wir davon aus dass sie einverstanden sind dass wir mit ihnen ber das internet per mail korrespondieren unbeschadet dessen ist allein die von uns unterzeichnete schriftliche fassung verbindlich wir weisen darauf hin dass derartige nachrichten mit und ohne zutun von dritten verloren gehen ver ndert oder verf lscht werden nnen auch ist die vertraulichkeit unter umst nden nicht gewahrt wir haften deshalb nicht r die unversehrtheit von mails nachdem sie unseren herrschaftsbereich verlassen haben und nnen ihnen hieraus entstehende sch den nicht ersetzen infotech beh lt sich das recht vor mail kommunikation durch ihre netze zu verfolgen sollte trotz der von uns verwendeten virus schutz programme durch die zusendung von mails ein virus in ihre systeme gelangen haften wir nicht r eventuell hieraus entstehende sch den rechnung brauchen sehr geehrter herrn vielen dank dass sie sich r company entschieden haben wir hoffen dass es ihnen gut geht ich schreibe ihnen wegen den rechnungen des sie brauchen sie finden diese rechnungen schnell wenn sie gehen zu einstellungen kontocenter zahlungen und eink ufe kaufhistorie tippen sie auf die entsprechende bestellung und dann auf rechnung anfordern llen sie alle erforderlichen felder aus best tigen sie die eingegebenen informationen und klicken sie auf in der oberen rechten ecke um ihre anfrage zu senden sie nnen nur stunden nach der zahlung eine rechnung anfordern company wird innerhalb von stunden eine digitale rechnung ausstellen ich bedanke mich ihnen r ihre verst ndnis und ich nsche ihnen einen sch nen tag weiter rgen sie nicht uns in zukunft anzusprechen falls wir ihnen weiter darin behilflich sein nnen mit freundlichem gru company kundenservice die company se ist eine gesellschaft nach irischem recht mit sitz in company se ist der anbieter von company mobile services r company und honor ger tebesitzer in und anderen ndern company support issue submit product cloud requests view change or cancel subscription contact full name phone numbe contact email address company id account sum of the issue need bill for this subscription german business requirements there is no app namecompany cloud zahlungsmethode company abonniert abonnementnummer ed home news events products partners support copyright company se,Suggestion,Invoice,Invoice related request,Suggestion,Invoice,Invoice related request,1.0
calculate mr per for choosing company will write to you for the bills of you you can find these bills quickly if you go to settings accenter payments and purchases purchase history tap on the corresponding order and then request it on account fill out all the necessary fields confirm the information entered and click on in the upper right corner to send your request you can request an invoice only hours after payment company will issue digital invoice within hours for your understanding and wish you nice day do not avoid addressing us in the future if we can help you further with friendly greeting per customer service the company se is society under irish law based in loc loc company se is the provider of company mobile services for company and honor device owners in loc loc loc loc and other countries company support issue submit product cloud requests view change or cancel subscription contact full name dirk per phone numbe contact email address company id account sum of the issue need for this subscription german businessrequirements there is no app namecompany cloud payment method company subscribed to subscription number ed home news events products partners support copyright company se,Suggestion,Invoice,Invoice related request,Suggestion,Invoice,Subscription cancellation,0.67
huawei puntos the problem was just that in my previous purchases always appeared the obtain points button and this time only what can be seen in the attached image was given no option to accept and get but to get to that step the purchase was already made thought that entering the application could obtain the unresated points but they do not appear see also next attached image in which include the last points obtained and the absence in this purchase thanks pd if necessary by ease you can contact me greeting per jue wrote client thanks for contacting per we hope you do well this email refers to your concern about huawei points step please verify if you have pressed the accept button during the payment process which means that you accept to receive cashback in huawei points these were the steps you had to continue to accept to receive the return of huawei points after selecting the item you want to buy select payment method the payment methods that will reward the user with cashback will have an orange phrase that mentions reward in points when your payment has been completed and has been successful touch accept to accept your participation in the campaign after accepting click on made to accept the campaign cashback you can find your huawei points after following steps to in the phone settings huawei points huawei claim their points should be in the claimed tab step if you have pressed the accept button send us the following data your country of service the date on which you made the purchase send us the following screenshots of the points page screenshot of the unresated points screenshot of the claimed points and screenshot of the expired points note to find these pages go to telephone settings huawei points huawei claim indicate the name of the campaign in which he participated indicate how many points huawei should receive if you have any other questions do not hesitate to answer this email thread and we will be happy to clarify your doubts sincerely ram per customer service support per is society constituted by virtue of the legislation of loc with its headquarters in loc loc per is the provider of mobile services of huawei to the owners of huawei and honor devices in loc loc loc loc and other countries,Problem/Fault,Coupon/Gifts/Points Issues,Can't use or acquire,Problem/Fault,Coupon/Gifts/Points Issues,Can't use or acquire,1.0
vip privilege sorry for the bad english really trying to explaing to you after attack in my account made hard reset to my company pro and lost the previus account am logging now with another email account to my phone gspace does automatic login according to the phone id no with new id am not vip hope to help you i ask you to clarify your request so that we can give you the best possible solution am able to understand that payment was made from your account but it is not clear yet to me what is your request towards it for your understanding sincerely madalin company company company se is the provider of company mobile services to company and honor device owners in,Suggestion,Other,none,Suggestion,Other,none,1.0
vip privilege hi about orde konstantinou you sent payment of eur to company se transaction id mw invoice id c f transaction date gmt merchant company se it is about id because of email account had hacked now it has change if you can update my account to vip again will be obliged to you,Suggestion,Other,none,Suggestion,Payment,Subscription cancellation,0.33
appgallery problems and suggestions description haiii buba contact information beyekeita sent from my phone,Others,none,none,Others,none,none,1.0
appallery problems and suggestions description can install contact information description you can not install contact information sent from my huawei mobile phone,Problem/Fault,AppGallery-Install/Upgrade,Can't install Apps,Problem/Fault,AppGallery-Install/Upgrade,Can't install Apps,1.0
sehr geehrter kunde vielen dank dass sie mit kontakt aufgenommen haben wir hoffen dass es ihnen gut geht in dieser mail geht es um ihr anliegen ihr huawei gewonnene preis wir haben mit dem kampagnenmanager gesprochen der uns best tigt hat dass wir ihnen bereits ein matepad zugestellt haben es werden keine weiteren preise verschickt da die teilnehmer gem den bedingungen der kampagne nur einen einzigen preis gewinnen nnen da sie nur mit einem konto an der kampagne teilnehmen nnen wir danken ihnen r ihr verst ndnis wenn sie weitere fragen haben nnen sie gerne auf diesen mail thread antworten und wir werden ihnen gerne weiterhelfen mit freundlichen gru andrea se is company incorporated under the laws of with its headquarters in europe canada new zealand and other countries support issue submit ich habe rzlich mit ihnen ber meinen preis gesprochen die huawei freebuds und sie haben mir gesagt dass sie mit ihrem team weiter sehen werden keine antwort r jetzt also was ist das problem le mercredi juin sabrine crit ich habe keine weiteren fragen vielen dank bitte senden sie den gewinn so schnell wie glich le mer juin crit sehr geehrte frau vielen dank r ihre antwort wir haben ihre entscheidung an unser internes team weitergeleitet vielen dank r ihr verst ndnis und ihre kooperation hrend dieses prozesses wenn sie weitere fragen haben antworten sie bitte auf diese mail mit freundlichen gr en ia kundenbetreuungsteam se is company incorporated under the laws of with its headquarters in europe canada new zealand and other countries support issue submit nun ich werde huawei matepad wifi hlen und danke le mer juin crit sehr geehrte frau wir haben festgestellt dass ihre adresse zwei sachpreise gewonnen hat wir vermuten dass sie sich mehr als einmal registriert haben um mehr chancen auf die teilnahme an der aktion zu erhalten was nicht erlaubt ist wir chten sie bitten sich zwischen dem band preis und dem matepad wifi zu entscheiden und dann werden wir ihnen einen preis zukommen lassen wenn sie weitere fragen haben antworten sie bitte auf diesen mail thread und wir werden ihnen gerne weiterhelfen mit freundlichen gr en ia kundenbetreuungsteam se is company incorporated under the laws of with its headquarters in europe canada new zealand and other countries support issue submit sehr geehrte frau vielen dank dass sie mit kontakt aufgenommen haben wir hoffen dass es ihnen gut geht wir haben soeben die best tigung von den kampagnenplanern erhalten und die preise sollten ende chster woche geliefert werden wir rden uns sehr ber ihr feedback zu unserem mail austausch freuen denn wir brauchen ihren input um unseren service weiter zu verbessern wir laden sie daher ein den fragebogen auszuf llen der in rze an die mail adresse geschickt wird die sie zur kontaktaufnahme verwendet haben wenn sie weitere fragen haben nnen sie gerne auf diesen mail thread antworten und wir werden ihnen gerne weiterhelfen mit freundlichen gr en ia kundenbetreuungsteam se is company incorporated under the laws of with its headquarters in europe canada new zealand and other countries support issue submit sehr geehrte frau wir haben ihre anfrage an unser internes team weitergeleitet und werden uns so schnell wie glich mit einem update bei ihnen melden vielen dank r ihr verst ndnis und ihre kooperation hrend dieses prozesses mit freundlichen gr en se is company incorporated under the laws of with its headquarters in europe canada new zealand and other countries support issue submit hid stsfvea ipm dittesstrasse germany le juin crit sehr geehrte frau vielen dank r ihre geduld wir hoffen es geht ihnen gut um dieses problem besser untersuchen zu nnen bitten wir sie um die folgenden informationen bitte teilen sie uns das datum mit an dem sie vom kundendienst bez glich des preises kontaktiert wurden senden sie uns ihre huawei id ihre huawei id finden sie unte telefoneinstellungen kontocenter ihre huawei id befindet sich oben auf dem bildschirm direkt unter ihrem profilbild senden sie uns ihr kontoland beschreiben sie den preis den sie gewonnen haben geben sie den namen der kampagne an an der sie teilgenommen haben legen sie wenn glich einen screenshot der gewinnbenachrichtigung bei nachdem sie den preis gewonnen haben ein screenshot der kampagne an der sie teilgenommen haben wenn sie weitere fragen haben antworten sie bitte auf diesen mail thread und wir werden ihnen gerne weiterhelfen mit freundlichen gr en ia kundenbetreuungsteam se is company incorporated under the laws of with its headquarters in europe canada new zealand and other countries support issue submit product other products requests requests contact full name sabrine phone numbe contact email address huawei id account hid stsfvea ipm sum of the issue ich frage mich warum ich meinen preis nicht erhalten habe den ich bei huawei music gewonnen habe mlich huawei band also betrachten sie meinen fall bitte ernsthaft home news events products partners support copyright se,Problem/Fault,Coupon/Gifts/Points Issues,Cooperated campaign issue,Problem/Fault,Payment issue,Subscription cancellation,0.33
cashback for your understanding and we are sorry for the misunderstanding indeed my colleagues was talking about points and also for confirming us that you received the compensation we apologise for any inconvenience this process cause should you have any further questions please do not hesitate to contact us by replying to this mail sincerely madalin cashback on further review looking much later than the date in the last email cam see compensation for is this what was referred to as points because these numbers are very different for your patience regarding the paysafe campaign cashback you will receive the cashback as soon as the game team staff know the ision of budget owner regarding the fact you mentioned to not having received the cashback the team confirmed us that you received huawei points for non working gog points back in the days you can check their huawei points balance by going to huawei wallet me huawei points click on huawei points balance or settings account center huawei points payment and purchases coupons used expired used if you have any further questions please feel free to reply to this email thread and we will be happy to walk you through your doubts sincerely madalin,Problem/Fault,Coupon/Gifts/Points Issues,Can't use or acquire,Problem/Fault,Payment,Can't use or acquire,0.33
appgallery problems and suggestions description have the bale cell and it does not let me uninstall anything at all contact information and,Problem/Fault,AppGallery-Use,UI Abnormal in Huawei AppGallery,Problem/Fault,AppGallery-Install/Upgrade,Can't install Apps,0.33
unreceived huawei points we hope you re doing well this email is in regards to your concern about your campaign cashback to create better game experience we built discord channel to update you the latest game campaign discount activities and also provide you direct services we recommend you to use our discord channel we recommend you contact us via discord channel https discord gg tkyzc cagu from your computer desktop directly if you have any difficulties using discord or you prefer us to handling the case will you please provide us following information for further investigation your huawei id your service country appgallery me settings country the name of the game app the name of the campaign you participated in outline how many huawei points coupon prize you were meant to receive your discord account contact information if applicable if you have any further questions please feel free to reply to this email thread and we will be happy to walk you through your doubts sincerely madalin ynt unreceived again here is the information you requested my huawei id your service country turkey the name of the game app world of tanks blitz the name of the campaign you participated in app gallery game festival campaign cashback how many huawei points coupon was meant to receive about tl my discord account contact information icebreaker nderen nderildi eyl per embe kime konu,Problem/Fault,Coupon/Gifts/Points Issues,Can't use or acquire,Problem/Fault,Coupon/Gifts/Points Issues,Can't use or acquire,1.0
payments for thanks for your patience we confirm that some suspicious activities have been detected we inform you that we refunded euros he will receive the money on his current account within working days please contact your bank for further assistance we are very sorry that he had to face this unpleasant situation for further questions do not hesitate to answer this mail and we will be happy to help her resolve her doubts in addition we would greatly appreciate his feedback regarding our mail exchange as we need his contribution to continue improving our service therefore we invite you to fill in the survey that will soon receive to the mail address from which he has contact us best regards for your team ad company for if it is company established according to irish laws based on loc loc for if it is the supplier of company mobile services for the owners of company devices and honor in loc loc loc and other countries payments confirm that the phone number is unknown to me please proceed with the support and refund for ca the sea wrote kind for thanks for contacing us the number in causes is telephone number which is connected to the account which made the payment result on its card if it does not recognize the phone number then inform us so that we can ask for support that this process can cause in case of further questions do not hesitate to contact us by answering this mail best regards for your team ad company for if it is company established according to irish laws based on loc loc for if it is the supplier of company mobile services for the owners of company devices and honor in loc loc loc and other countries payments good day but don help me what number is credit card there must be mistake for ca the sea wrote ms for ca thanks for having contacted for we contact you about the following request from you concerning unknown payments these charges seem to be linked to purchases the apps made by the account connected to on the game knights farm if had to have further questions contact us by answering this mail we will be happy to help you best regards for your team ad company for if it is company established according to irish laws based on loc loc for if it is the supplier of company mobile services for the owners of company devices and honor in loc loc loc and other countries,Problem/Fault,Payment issue,Risk Control,Problem/Fault,Payment,Subscription cancellation,0.33
pinters huawei for the information provided we inform you that your application is being prosecuted by our specialized department as soon as we have an update we will let it know for more questions do not hesitate to answer this thread of email and we will be happy to clarify your doubts sincerely per to the client aspiegelaspiegel is the huawei mobile services provider to the owners of huawei and honor devices in loc loc loc loc and other countries huawei points good afternoon answer the questions requested loc attached image in purchases attached image of if have calculated well thanks and greeting per jue wrote client thanks for contacting aspiegel we hope you do well this email refers to your concern about huawei points we for having sent the screenshots requested to be able to help you with your problem send us the following data your country of service the date on which he made the purchase indicate the name of the campaign in which he participated indicate how many points huawei should receive if you have any other questions do not hesitate to answer this email thread and we will be happy to clarify your doubts sincerely per to the client aspiegelaspiegel is the huawei mobile services provider to the owners of huawei and honor devices in loc loc loc loc and other countries,Problem/Fault,Coupon/Gifts/Points Issues,Can't use or acquire,Problem/Fault,Coupon/Gifts/Points Issues,Can't use or acquire,1.0
app gallery problems and suggestions app gallery problems and suggestions we hope you re doing well in order to give you the best solution could you please clarify your request with following information description of the issue screenshot or record video of error when issue happened your huawei id app gallery hms core open then take screenshot your phone model sn number of your device app gallery version huawei app gallery me about hms core version huawei app gallery hms core open settings about related app related app version the log of app gallery if you have any further questions please feel free to reply to this email thread and we will be happy to walk you through your doubts sincerely se uma empresa constitu da segundo as leis da irlanda com sede em dublin irlanda appgallery problem och rslag beskrivning inga certifikat hittades kontaktinformation,Others,none,none,Others,none,none,1.0
refund request screenshot com huawei hwid jpg svid mp we hope you re doing well will do my very best to assist you this email is regarding your refund request in order to give you the best solution please provide us with the following information screenshot or record video of the charge your huawei id app gallery hms core open then take screenshot if you have any further questions please feel free to reply to this email thread and we will be happy to walk you through your doubts sincerely alexandru refund request the game is allowing illegal third party transactions and it not fair for players purchasing through legal and legit platforms to recharge so demand at least partial refund from the app kingdom guard,Problem/Fault,Third Party APPs,Refund,Problem/Fault,Third Party APPs,Refund,1.0
into would like to finish these payments because changed my phone,Suggestion,Payment,Subscription cancellation,Suggestion,Payment,Subscription cancellation,1.0
appgallery problems and suggestions this email is in regards to your concern about your appgallery issue in order to be able to further investigate it can you please provide us with the following description of the issue screenshot or record video of error when issue happened your huawei id app gallery hms core open then take screenshot your phone model sn number of your device app gallery version huawei app gallery me about hms core version huawei app gallery hms core open settings about related app related app version the log of app gallery for further questions please feel free to reply to this email thread and we will be happy to walk you through your doubts sincerely stela se uma empresa constitu da segundo as leis da irlanda com sede em dublin irlanda appgallery problems and suggestions description how to installed contact information,Others,none,none,Others,none,none,1.0
cashback problem send you this message because did not receive cashback on an offer available photo in support the bot could not help me and sends me back to you the problem is not recurring it arrived on huawei id matteo convert,Problem/Fault,Coupon/Gifts/Points Issues,Can't use or acquire,Problem/Fault,Coupon/Gifts/Points Issues,Subscription cancellation,0.67
so the campaign name was xmas download and win play pt as you will see in the screenshot will send you and won voucher to use it in online store called but now is part of other company store called and what my huawei d service country thanks in advance ter de set de escreveu we hope you re doing well this email is regarding your concern about worry will do my best to solve your problem as soon as possible in order to analyze your case in detail will need the following information from you error screenshot the name of the champagne you have attended your huawei id service country we would greatly appreciate your feedback regarding our email exchange as we need your input to keep improving our service therefore we invite you to fill in the survey that will soon arrive on the email address you used to contact us if you have any further questions please feel free to reply to this email thread and we will be happy to walk you through your doubts sincerely silvia product appgallery games requests using appgallery e manage service country contact full name in lavrador ramos phone numbe contact email address sum of the issue would like to know how can use voucher that won on app gallery since the store now was put together with other store and still have the voucher to use thanks in advance home news events products partners support copyright se,Suggestion,VIP / Offers / Promotions,Offers / Vouchers / Promotions,Suggestion,VIP / Offers / Promotions,Offers / Vouchers / Promotions,1.0
cancel thank for reaching us back and clarifying the situation understand this situation might be difficult for you and how it has caused inconvenience for your situation but rest assured we will do our best to find fitted solution for your problem to proceed further would you please forward us the following details if the payment was made with your paypal screenshot of payment with transaction invoice number available id starting with after that we will contact our internal team and get back to you as soon as possible for further questions please feel free to reply to this email thread and we will be happy to walk you through your doubts sincerely cristiana se is the provider of company mobile services to company and honor device owners in cancel thanks for email in dont know what this money m paying for is anyway ve know idea what password is have alzheimer and my family tell me to leave my phone alone so hopefully it cancelled through paypal ll soon know when get email to say payment has not gone out ll deal with it then thanks pugh hillrise avenue ryde isle of wight po tt get outlook for android,Suggestion,Payment,Subscription cancellation,Suggestion,Payment,Subscription cancellation,1.0
appgallery problems and suggestions description no instrol contact information,Suggestion,General,Others,Problem/Fault,AppGallery-Install/Upgrade,Can't install Apps,0.0
